Workbook

Sheet Sheet 1
A1: CIIU | B1: Sector | C1: Nac_Mujeres_Cat1 | D1: Nac_Hombres_Cat1 | E1: Ex_Mujeres_Cat1 | F1: Ex_Hombres_Cat1 | G1: Mujeres_Cat2 | H1: Hombres_Cat2 | I1: Mujeres_Cat3 | J1: Hombres_Cat3 | K1: Ocu_Mujeres | L1: Ocu_Hombres | M1: PERMA_Sueldos_Cat1 | N1: PERMA_Sueldos_Cat2 | O1: PERMA_Sueldos_Cat3 | P1: PERMA_Sueldos | Q1: PERMA_Prestaciones_Cat1 | R1: PERMA_Prestaciones_Cat2 | S1: PERMA_Prestaciones_Cat3 | T1: PERMA_Prestaciones | U1: TEMP_SueldosPresta_Cat1 | V1: TEMP_SueldosPresta_Cat2 | W1: TEMP_SueldosPresta_Cat3 | X1: TEMP_SueldosPresta | Y1: TotalMoney_Cat1 | Z1: TotalMoney_Cat2 | AA1: TotalMoney_Cat3 | AB1: TotalMoney | AC1: ValorAgregado | AD1: PERTOTAL | AE1: PERTEMP | AF1: PERPERMA | AG1: #Establecimientos | AH1: #Empresas
A2: 10 | B2: Elaboración de productos alimenticios | C2: 7810 | D2: 17012 | E2: 73 | F2: 95 | G2: 28624 | H2: 81133 | I2: 25669 | J2: 24508 | K2: 62176 | L2: 122748 | M2: 666203865 | N2: 1626948308 | O2: 1753081231 | P2: 4046233404 | Q2: 182039013 | R2: 462103238 | S2: 445367422 | T2: 1089509658 | U2: 174706171 | V2: 684324531 | W2: 326510345 | X2: 1185541040 | Y2: 1455820472 | Z2: 4280014265 | AA2: 3494251060 | AB2: 9230085795 | AC2: 41513051405 | AD2: 184924 | AE2: 45732 | AF2: 107434 | AG2: 1287 | AH2: 1153
A3: 11 | B3: Elaboración de bebidas | C3: 376 | D3: 1009 | E3: 0 | F3: 11 | G3: 586 | H3: 3830 | I3: 2159 | J3: 4606 | K3: 3121 | L3: 9456 | M3: 70008149 | N3: 80462798 | O3: 144772180 | P3: 295243118 | Q3: 23721233 | R3: 33423598 | S3: 42135520 | T3: 99280351 | U3: 18945680 | V3: 45607773 | W3: 131010332 | X3: 195563788 | Y3: 159959973 | Z3: 265069555 | AA3: 529667612 | AB3: 954697140 | AC3: 7916248241 | AD3: 12577 | AE3: 5118 | AF3: 4915 | AG3: 53 | AH3: 39
A4: 13 | B4: Fabricación de productos textiles | C4: 939 | D4: 2520 | E4: 5 | F4: 8 | G4: 6064 | H4: 12549 | I4: 2931 | J4: 2862 | K4: 9939 | L4: 17939 | M4: 68204260 | N4: 168162334 | O4: 164700911 | P4: 401067514 | Q4: 16138761 | R4: 42633016 | S4: 38173907 | T4: 96945675 | U4: 54220695 | V4: 145637473 | W4: 107012551 | X4: 306870719 | Y4: 204617184 | Z4: 605563805 | AA4: 449460140 | AB4: 1259641132 | AC4: 2657337121 | AD4: 27878 | AE4: 10612 | AF4: 11510 | AG4: 199 | AH4: 198
A5: 14 | B5: Confección de prendas de vestir | C5: 3675 | D5: 3030 | E5: 48 | F5: 64 | G5: 30924 | H5: 12166 | I5: 10687 | J5: 5420 | K5: 45334 | L5: 20680 | M5: 154588681 | N5: 406261702 | O5: 490202283 | P5: 1051052672 | Q5: 35694518 | R5: 96028647 | S5: 113500636 | T5: 245223801 | U5: 47208514 | V5: 325803670 | W5: 98806054 | X5: 471818238 | Y5: 340811033 | Z5: 1233489109 | AA5: 952960552 | AB5: 2527260694 | AC5: 5608420074 | AD5: 66014 | AE5: 23659 | AF5: 36345 | AG5: 605 | AH5: 599
A6: 15 | B6: Curtido y recurtido de cueros; fabricación de calzado; fabricación de artículos de viaje, maletas, bolsos de mano y artículos similares, y fabricación de artículos de talabartería y guarnicionería; adobo y teñido de pieles | C6: 497 | D6: 645 | E6: 9 | F6: 12 | G6: 4669 | H6: 5132 | I6: 1822 | J6: 1512 | K6: 6997 | L6: 7301 | M6: 20042725 | N6: 57323047 | O6: 99472072 | P6: 176837832 | Q6: 5022913 | R6: 13492527 | S6: 22951009 | T6: 41466446 | U6: 20073100 | V6: 91589861 | W6: 24861528 | X6: 136524489 | Y6: 69576456 | Z6: 268611651 | AA6: 211327960 | AB6: 549516049 | AC6: 856536941 | AD6: 14298 | AE6: 6827 | AF6: 5003 | AG6: 174 | AH6: 173
A7: 16 | B7: Transformación de la madera y fabricación de productos de madera y de corcho, excepto muebles; fabricación de artículos de cestería y espartería | C7: 68 | D7: 237 | E7: 0 | F7: 4 | G7: 226 | H7: 2395 | I7: 401 | J7: 377 | K7: 695 | L7: 3013 | M7: 12460739 | N7: 37897206 | O7: 29092608 | P7: 79450550 | Q7: 4688193 | R7: 9274821 | S7: 7685882 | T7: 21648896 | U7: 317053 | V7: 8757297 | W7: 1350414 | X7: 10424770 | Y7: 25336868 | Z7: 79470028 | AA7: 50458888 | AB7: 155265784 | AC7: 364104823 | AD7: 3708 | AE7: 534 | AF7: 2847 | AG7: 89 | AH7: 89
A8: 17 | B8: Fabricación de papel, cartón y productos de papel y cartón | C8: 883 | D8: 2767 | E8: 1 | F8: 11 | G8: 2432 | H8: 9705 | I8: 2559 | J8: 2289 | K8: 5875 | L8: 14772 | M8: 232651235 | N8: 276173854 | O8: 293162412 | P8: 801987504 | Q8: 81952888 | R8: 84695260 | S8: 83063349 | T8: 249711497 | U8: 21803555 | V8: 61762551 | W8: 22344864 | X8: 105910973 | Y8: 446246240 | Z8: 589704615 | AA8: 538646176 | AB8: 1574597025 | AC8: 5966261497 | AD8: 20647 | AE8: 3617 | AF8: 15155 | AG8: 130 | AH8: 117
A9: 18 | B9: Actividades de impresión y de producción de copias a partir de grabaciones originales | C9: 955 | D9: 1740 | E9: 7 | F9: 13 | G9: 4237 | H9: 6659 | I9: 2327 | J9: 2021 | K9: 7526 | L9: 10433 | M9: 73792697 | N9: 156667518 | O9: 164172625 | P9: 394632840 | Q9: 18756177 | R9: 38105482 | S9: 40336069 | T9: 97197722 | U9: 14342362 | V9: 52925594 | W9: 22723157 | X9: 89991119 | Y9: 147941262 | Z9: 374219721 | AA9: 305066500 | AB9: 827227483 | AC9: 2386304024 | AD9: 17959 | AE9: 3711 | AF9: 11614 | AG9: 298 | AH9: 294
A10: 19 | B10: Coquización, fabricación de productos de la refinación del petróleo y actividad de mezcla de combustibles | C10: 519 | D10: 1809 | E10: 1 | F10: 2 | G10: 471 | H10: 2971 | I10: 751 | J10: 897 | K10: 1742 | L10: 5679 | M10: 150130600 | N10: 75390462 | O10: 96362448 | P10: 321883511 | Q10: 82498703 | R10: 35110933 | S10: 23267451 | T10: 140877080 | U10: 8641682 | V10: 17257481 | W10: 14209950 | X10: 40109113 | Y10: 359417501 | Z10: 214370664 | AA10: 175249908 | AB10: 749038073 | AC10: 3819024349 | AD10: 7421 | AE10: 1001 | AF10: 4263 | AG10: 122 | AH10: 58
A11: 20 | B11: Fabricación de sustancias y productos químicos | C11: 3303 | D11: 6241 | E11: 31 | F11: 48 | G11: 9052 | H11: 19676 | I11: 12322 | J11: 8709 | K11: 24708 | L11: 34674 | M11: 419046593 | N11: 503759369 | O11: 1056581256 | P11: 1979387212 | Q11: 111426200 | R11: 142453138 | S11: 258321755 | T11: 512201083 | U11: 23712257 | V11: 110772691 | W11: 75096204 | X11: 209581155 | Y11: 779875262 | Z11: 1226606598 | AA11: 1914898839 | AB11: 3921380717 | AC11: 18978868223 | AD11: 59382 | AE11: 8480 | AF11: 39556 | AG11: 503 | AH11: 473
A12: 21 | B12: Fabricación de productos farmacéuticos, sustancias químicas medicinales y productos botánicos de uso farmacéutico | C12: 3676 | D12: 3780 | E12: 16 | F12: 20 | G12: 7152 | H12: 6460 | I12: 6200 | J12: 3936 | K12: 17044 | L12: 14196 | M12: 306325952 | N12: 272451483 | O12: 588541822 | P12: 1167319260 | Q12: 74924204 | R12: 68580677 | S12: 137427026 | T12: 280931907 | U12: 29790067 | V12: 58234774 | W12: 26716687 | X12: 114741528 | Y12: 572094706 | Z12: 577044586 | AA12: 1038250071 | AB12: 2187389372 | AC12: 7362333654 | AD12: 31240 | AE12: 4036 | AF12: 23410 | AG12: 171 | AH12: 162
A13: 22 | B13: Fabricación de productos de caucho y de plástico | C13: 2566 | D13: 7082 | E13: 11 | F13: 48 | G13: 12607 | H13: 26590 | I13: 7277 | J13: 6793 | K13: 22461 | L13: 40513 | M13: 286268810 | N13: 539136525 | O13: 598153395 | P13: 1423558736 | Q13: 67840555 | R13: 137033967 | S13: 139473100 | T13: 344347606 | U13: 58865935 | V13: 191437929 | W13: 85060953 | X13: 335364823 | Y13: 585248168 | Z13: 1409815081 | AA13: 1111983024 | AB13: 3107046273 | AC13: 7989186541 | AD13: 62974 | AE13: 12361 | AF13: 37802 | AG13: 563 | AH13: 545
... A22: 32 | B22: Otras industrias manufactureras | C22: 2739 | D22: 10501 | E22: 5 | F22: 79 | G22: 8728 | H22: 22235 | I22: 7296 | J22: 7636 | K22: 18768 | L22: 40451 | M22: 431954322 | N22: 480404217 | O22: 541497545 | P22: 1453856074 | Q22: 117544133 | R22: 138949718 | S22: 131866251 | T22: 388360107 | U22: 133875428 | V22: 238970891 | W22: 138764957 | X22: 511611281 | Y22: 1155981007 | Z22: 1375478662 | AA22: 1188578854 | AB22: 3720038523 | AC22: 16290782103 | AD22: 59219 | AE22: 15435 | AF22: 34978 | AG22: 604 | AH22: 579

Sheet Estructurado
B1: EAM | W1: GEIH
A2: Sector | B2: ValorAgregado | C2: #Establecimientos | D2: ValorAgregado/#Establecimientos | E2: Personal_Total | F2: Hombres | G2: Mujeres | H2: % Hombres | I2: % Mujeres | J2: Nac_Profesionales_Tecnicos_Tecnologo | K2: % | L2: Ex_Profesionales_Tecnicos_Tecnologo | M2: % | N2: Nac_Obreros_Operarios | O2: % | P2: Nac_Directivos_Admin_Ventas | Q2: % | R2: Productividad | S2: Money_Profesional_Tecnico_Tecnologo | T2: Money_Obrero_Operario | U2: Money_Directivos_Admin_Ventas | V2: MoneyPorTrabajador | W2: Trabajadores | X2: IngresoTotal | Y2: Promedio | Z2: Mediana | AA2: Mensual
A3: ='Sheet 1'!B2 -> Elaboración de productos alimenticios | B3: ='Sheet 1'!AC2 -> 41513051405 | C3: ='Sheet 1'!AG2 -> 1287 | D3: =B3/C3 -> 32255673 | E3: ='Sheet 1'!AD2 -> 184924 | F3: ='Sheet 1'!L2 -> 122748 | G3: ='Sheet 1'!K2 -> 62176 | H3: =F3/E3 -> 0.66377539 | I3: =G3/E3 -> 0.33622461 | J3: ='Sheet 1'!C2+'Sheet 1'!D2 -> 24822 | K3: =J3/E3 -> 0.13422812 | L3: ='Sheet 1'!F2+'Sheet 1'!E2 -> 168 | M3: =L3/E3 -> 0.00090848132 | N3: ='Sheet 1'!G2+'Sheet 1'!H2 -> 109757 | O3: =N3/E3 -> 0.59352491 | P3: ='Sheet 1'!I2+'Sheet 1'!J2 -> 50177 | Q3: =P3/E3 -> 0.2713385 | R3: =B3/E3 -> 224487.09 | S3: ='Sheet 1'!Y2/(Estructurado!J3+Estructurado!L3) -> 58256.121 | T3: ='Sheet 1'!Z2/Estructurado!N3 -> 38995.365 | U3: ='Sheet 1'!AA2/Estructurado!P3 -> 69638.501 | V3: ='Sheet 1'!AB2/'Sheet 1'!AD2 -> 49912.86 | W3: 292756.7 | X3: 7472600317952 | Y3: 25524950 | Z3: 16800000 | AA3: =Y3/12 -> 2127079.2
A4: ='Sheet 1'!B3 -> Elaboración de bebidas | B4: ='Sheet 1'!AC3 -> 7916248241 | C4: ='Sheet 1'!AG3 -> 53 | D4: =B4/C4 -> 1.4936317e+08 | E4: ='Sheet 1'!AD3 -> 12577 | F4: ='Sheet 1'!L3 -> 9456 | G4: ='Sheet 1'!K3 -> 3121 | H4: =F4/E4 -> 0.75184861 | I4: =G4/E4 -> 0.24815139 | J4: ='Sheet 1'!C3+'Sheet 1'!D3 -> 1385 | K4: =J4/E4 -> 0.11012165 | L4: ='Sheet 1'!F3+'Sheet 1'!E3 -> 11 | M4: =L4/E4 -> 0.00087461239 | N4: ='Sheet 1'!G3+'Sheet 1'!H3 -> 4416 | O4: =N4/E4 -> 0.35111712 | P4: ='Sheet 1'!I3+'Sheet 1'!J3 -> 6765 | Q4: =P4/E4 -> 0.53788662 | R4: =B4/E4 -> 629422.62 | S4: ='Sheet 1'!Y3/(Estructurado!J4+Estructurado!L4) -> 114584.51 | T4: ='Sheet 1'!Z3/Estructurado!N4 -> 60024.809 | U4: ='Sheet 1'!AA3/Estructurado!P4 -> 78295.286 | V4: ='Sheet 1'!AB3/'Sheet 1'!AD3 -> 75908.177 | W4: 53982.39 | X4: 1589056897024 | Y4: 29436578 | Z4: 18000000 | AA4: =Y4/12 -> 2453048.2
A5: ='Sheet 1'!B4 -> Fabricación de productos textiles | B5: ='Sheet 1'!AC4 -> 2657337121 | C5: ='Sheet 1'!AG4 -> 199 | D5: =B5/C5 -> 13353453 | E5: ='Sheet 1'!AD4 -> 27878 | F5: ='Sheet 1'!L4 -> 17939 | G5: ='Sheet 1'!K4 -> 9939 | H5: =F5/E5 -> 0.64348232 | I5: =G5/E5 -> 0.35651768 | J5: ='Sheet 1'!C4+'Sheet 1'!D4 -> 3459 | K5: =J5/E5 -> 0.12407633 | L5: ='Sheet 1'!F4+'Sheet 1'!E4 -> 13 | M5: =L5/E5 -> 0.00046631753 | N5: ='Sheet 1'!G4+'Sheet 1'!H4 -> 18613 | O5: =N5/E5 -> 0.66765909 | P5: ='Sheet 1'!I4+'Sheet 1'!J4 -> 5793 | Q5: =P5/E5 -> 0.20779826 | R5: =B5/E5 -> 95320.221 | S5: ='Sheet 1'!Y4/(Estructurado!J5+Estructurado!L5) -> 58933.521 | T5: ='Sheet 1'!Z4/Estructurado!N5 -> 32534.455 | U5: ='Sheet 1'!AA4/Estructurado!P5 -> 77586.767 | V5: ='Sheet 1'!AB4/'Sheet 1'!AD4 -> 45184.057 | W5: 33381.501 | X5: 801464188928 | Y5: 24009232 | Z5: 16800000 | AA5: =Y5/12 -> 2000769.3
A6: ='Sheet 1'!B5 -> Confección de prendas de vestir | B6: ='Sheet 1'!AC5 -> 5608420074 | C6: ='Sheet 1'!AG5 -> 605 | D6: =B6/C6 -> 9270115.8 | E6: ='Sheet 1'!AD5 -> 66014 | F6: ='Sheet 1'!L5 -> 20680 | G6: ='Sheet 1'!K5 -> 45334 | H6: =F6/E6 -> 0.31326688 | I6: =G6/E6 -> 0.68673312 | J6: ='Sheet 1'!C5+'Sheet 1'!D5 -> 6705 | K6: =J6/E6 -> 0.10156936 | L6: ='Sheet 1'!F5+'Sheet 1'!E5 -> 112 | M6: =L6/E6 -> 0.0016966098 | N6: ='Sheet 1'!G5+'Sheet 1'!H5 -> 43090 | O6: =N6/E6 -> 0.65274033 | P6: ='Sheet 1'!I5+'Sheet 1'!J5 -> 16107 | Q6: =P6/E6 -> 0.2439937 | R6: =B6/E6 -> 84958.04 | S6: ='Sheet 1'!Y5/(Estructurado!J6+Estructurado!L6) -> 49994.284 | T6: ='Sheet 1'!Z5/Estructurado!N6 -> 28625.879 | U6: ='Sheet 1'!AA5/Estructurado!P6 -> 59164.373 | V6: ='Sheet 1'!AB5/'Sheet 1'!AD5 -> 38283.708 | W6: 156115.6 | X6: 3258957692928 | Y6: 20875286 | Z6: 15600000 | AA6: =Y6/12 -> 1739607.2
A7: ='Sheet 1'!B6 -> Curtido y recurtido de cueros; fabricación de calzado; fabricación de artículos de viaje, maletas, bolsos de mano y artículos similares, y fabricación de artículos de talabartería y guarnicionería; adobo y teñido de pieles | B7: ='Sheet 1'!AC6 -> 856536941 | C7: ='Sheet 1'!AG6 -> 174 | D7: =B7/C7 -> 4922626.1 | E7: ='Sheet 1'!AD6 -> 14298 | F7: ='Sheet 1'!L6 -> 7301 | G7: ='Sheet 1'!K6 -> 6997 | H7: =F7/E7 -> 0.51063086 | I7: =G7/E7 -> 0.48936914 | J7: ='Sheet 1'!C6+'Sheet 1'!D6 -> 1142 | K7: =J7/E7 -> 0.079871311 | L7: ='Sheet 1'!F6+'Sheet 1'!E6 -> 21 | M7: =L7/E7 -> 0.0014687369 | N7: ='Sheet 1'!G6+'Sheet 1'!H6 -> 9801 | O7: =N7/E7 -> 0.68548049 | P7: ='Sheet 1'!I6+'Sheet 1'!J6 -> 3334 | Q7: =P7/E7 -> 0.23317947 | R7: =B7/E7 -> 59906.067 | S7: ='Sheet 1'!Y6/(Estructurado!J7+Estructurado!L7) -> 59824.984 | T7: ='Sheet 1'!Z6/Estructurado!N7 -> 27406.556 | U7: ='Sheet 1'!AA6/Estructurado!P7 -> 63385.711 | V7: ='Sheet 1'!AB6/'Sheet 1'!AD6 -> 38433.071 | W7: 40735.455 | X7: 739507306496 | Y7: 18153898 | Z7: 15600000 | AA7: =Y7/12 -> 1512824.8
A8: ='Sheet 1'!B7 -> Transformación de la madera y fabricación de productos de madera y de corcho, excepto muebles; fabricación de artículos de cestería y espartería | B8: ='Sheet 1'!AC7 -> 364104823 | C8: ='Sheet 1'!AG7 -> 89 | D8: =B8/C8 -> 4091065.4 | E8: ='Sheet 1'!AD7 -> 3708 | F8: ='Sheet 1'!L7 -> 3013 | G8: ='Sheet 1'!K7 -> 695 | H8: =F8/E8 -> 0.81256742 | I8: =G8/E8 -> 0.18743258 | J8: ='Sheet 1'!C7+'Sheet 1'!D7 -> 305 | K8: =J8/E8 -> 0.082254585 | L8: ='Sheet 1'!F7+'Sheet 1'!E7 -> 4 | M8: =L8/E8 -> 0.0010787487 | N8: ='Sheet 1'!G7+'Sheet 1'!H7 -> 2621 | O8: =N8/E8 -> 0.70685005 | P8: ='Sheet 1'!I7+'Sheet 1'!J7 -> 778 | Q8: =P8/E8 -> 0.20981661 | R8: =B8/E8 -> 98194.397 | S8: ='Sheet 1'!Y7/(Estructurado!J8+Estructurado!L8) -> 81996.337 | T8: ='Sheet 1'!Z7/Estructurado!N8 -> 30320.499 | U8: ='Sheet 1'!AA7/Estructurado!P8 -> 64857.183 | V8: ='Sheet 1'!AB7/'Sheet 1'!AD7 -> 41873.189 | W8: 7992.1848 | X8: 179486179328 | Y8: 22457712 | Z8: 15600000 | AA8: =Y8/12 -> 1871476
A9: ='Sheet 1'!B8 -> Fabricación de papel, cartón y productos de papel y cartón | B9: ='Sheet 1'!AC8 -> 5966261497 | C9: ='Sheet 1'!AG8 -> 130 | D9: =B9/C9 -> 45894319 | E9: ='Sheet 1'!AD8 -> 20647 | F9: ='Sheet 1'!L8 -> 14772 | G9: ='Sheet 1'!K8 -> 5875 | H9: =F9/E9 -> 0.71545503 | I9: =G9/E9 -> 0.28454497 | J9: ='Sheet 1'!C8+'Sheet 1'!D8 -> 3650 | K9: =J9/E9 -> 0.17678113 | L9: ='Sheet 1'!F8+'Sheet 1'!E8 -> 12 | M9: =L9/E9 -> 0.00058119824 | N9: ='Sheet 1'!G8+'Sheet 1'!H8 -> 12137 | O9: =N9/E9 -> 0.58783358 | P9: ='Sheet 1'!I8+'Sheet 1'!J8 -> 4848 | Q9: =P9/E9 -> 0.23480409 | R9: =B9/E9 -> 288965.06 | S9: ='Sheet 1'!Y8/(Estructurado!J9+Estructurado!L9) -> 121858.61 | T9: ='Sheet 1'!Z8/Estructurado!N9 -> 48587.346 | U9: ='Sheet 1'!AA8/Estructurado!P9 -> 111106.88 | V9: ='Sheet 1'!AB8/'Sheet 1'!AD8 -> 76262.751 | W9: 36072.073 | X9: 1498787872768 | Y9: 41549812 | Z9: 18000000 | AA9: =Y9/12 -> 3462484.3
A10: ='Sheet 1'!B9 -> Actividades de impresión y de producción de copias a partir de grabaciones originales | B10: ='Sheet 1'!AC9 -> 2386304024 | C10: ='Sheet 1'!AG9 -> 298 | D10: =B10/C10 -> 8007731.6 | E10: ='Sheet 1'!AD9 -> 17959 | F10: ='Sheet 1'!L9 -> 10433 | G10: ='Sheet 1'!K9 -> 7526 | H10: =F10/E10 -> 0.58093435 | I10: =G10/E10 -> 0.41906565 | J10: ='Sheet 1'!C9+'Sheet 1'!D9 -> 2695 | K10: =J10/E10 -> 0.15006403 | L10: ='Sheet 1'!F9+'Sheet 1'!E9 -> 20 | M10: =L10/E10 -> 0.0011136478 | N10: ='Sheet 1'!G9+'Sheet 1'!H9 -> 10896 | O10: =N10/E10 -> 0.6067153 | P10: ='Sheet 1'!I9+'Sheet 1'!J9 -> 4348 | Q10: =P10/E10 -> 0.24210702 | R10: =B10/E10 -> 132875.11 | S10: ='Sheet 1'!Y9/(Estructurado!J10+Estructurado!L10) -> 54490.336 | T10: ='Sheet 1'!Z9/Estructurado!N10 -> 34344.688 | U10: ='Sheet 1'!AA9/Estructurado!P10 -> 70162.489 | V10: ='Sheet 1'!AB9/'Sheet 1'!AD9 -> 46062.001 | W10: 14227.397 | X10: 320827621376 | Y10: 22549986 | Z10: 18000000 | AA10: =Y10/12 -> 1879165.5
A11: ='Sheet 1'!B10 -> Coquización, fabricación de productos de la refinación del petróleo y actividad de mezcla de combustibles | B11: ='Sheet 1'!AC10 -> 3819024349 | C11: ='Sheet 1'!AG10 -> 122 | D11: =B11/C11 -> 31303478 | E11: ='Sheet 1'!AD10 -> 7421 | F11: ='Sheet 1'!L10 -> 5679 | G11: ='Sheet 1'!K10 -> 1742 | H11: =F11/E11 -> 0.76526075 | I11: =G11/E11 -> 0.23473925 | J11: ='Sheet 1'!C10+'Sheet 1'!D10 -> 2328 | K11: =J11/E11 -> 0.31370435 | L11: ='Sheet 1'!F10+'Sheet 1'!E10 -> 3 | M11: =L11/E11 -> 0.00040425819 | N11: ='Sheet 1'!G10+'Sheet 1'!H10 -> 3442 | O11: =N11/E11 -> 0.46381889 | P11: ='Sheet 1'!I10+'Sheet 1'!J10 -> 1648 | Q11: =P11/E11 -> 0.2220725 | R11: =B11/E11 -> 514623.95 | S11: ='Sheet 1'!Y10/(Estructurado!J11+Estructurado!L11) -> 154190.26 | T11: ='Sheet 1'!Z10/Estructurado!N11 -> 62280.844 | U11: ='Sheet 1'!AA10/Estructurado!P11 -> 106340.96 | V11: ='Sheet 1'!AB10/'Sheet 1'!AD10 -> 100934.92 | W11: 7219.2519 | X11: 217988431872 | Y11: 30195434 | Z11: 18000000 | AA11: =Y11/12 -> 2516286.2
A12: ='Sheet 1'!B11 -> Fabricación de sustancias y productos químicos | B12: ='Sheet 1'!AC11 -> 18978868223 | C12: ='Sheet 1'!AG11 -> 503 | D12: =B12/C12 -> 37731348 | E12: ='Sheet 1'!AD11 -> 59382 | F12: ='Sheet 1'!L11 -> 34674 | G12: ='Sheet 1'!K11 -> 24708 | H12: =F12/E12 -> 0.58391432 | I12: =G12/E12 -> 0.41608568 | J12: ='Sheet 1'!C11+'Sheet 1'!D11 -> 9544 | K12: =J12/E12 -> 0.1607221 | L12: ='Sheet 1'!F11+'Sheet 1'!E11 -> 79 | M12: =L12/E12 -> 0.0013303695 | N12: ='Sheet 1'!G11+'Sheet 1'!H11 -> 28728 | O12: =N12/E12 -> 0.48378296 | P12: ='Sheet 1'!I11+'Sheet 1'!J11 -> 21031 | Q12: =P12/E12 -> 0.35416456 | R12: =B12/E12 -> 319606.42 | S12: ='Sheet 1'!Y11/(Estructurado!J12+Estructurado!L12) -> 81042.841 | T12: ='Sheet 1'!Z11/Estructurado!N12 -> 42697.25 | U12: ='Sheet 1'!AA11/Estructurado!P12 -> 91051.25 | V12: ='Sheet 1'!AB11/'Sheet 1'!AD11 -> 66036.521 | W12: 81296.94 | X12: 2292983267328 | Y12: 28205038 | Z12: 18000000 | AA12: =Y12/12 -> 2350419.8
A13: ='Sheet 1'!B12 -> Fabricación de productos farmacéuticos, sustancias químicas medicinales y productos botánicos de uso farmacéutico | B13: ='Sheet 1'!AC12 -> 7362333654 | C13: ='Sheet 1'!AG12 -> 171 | D13: =B13/C13 -> 43054583 | E13: ='Sheet 1'!AD12 -> 31240 | F13: ='Sheet 1'!L12 -> 14196 | G13: ='Sheet 1'!K12 -> 17044 | H13: =F13/E13 -> 0.45441741 | I13: =G13/E13 -> 0.54558259 | J13: ='Sheet 1'!C12+'Sheet 1'!D12 -> 7456 | K13: =J13/E13 -> 0.23866837 | L13: ='Sheet 1'!F12+'Sheet 1'!E12 -> 36 | M13: =L13/E13 -> 0.0011523688 | N13: ='Sheet 1'!G12+'Sheet 1'!H12 -> 13612 | O13: =N13/E13 -> 0.43572343 | P13: ='Sheet 1'!I12+'Sheet 1'!J12 -> 10136 | Q13: =P13/E13 -> 0.32445583 | R13: =B13/E13 -> 235670.09 | S13: ='Sheet 1'!Y12/(Estructurado!J13+Estructurado!L13) -> 76360.746 | T13: ='Sheet 1'!Z12/Estructurado!N13 -> 42392.344 | U13: ='Sheet 1'!AA12/Estructurado!P13 -> 102431.93 | V13: ='Sheet 1'!AB12/'Sheet 1'!AD12 -> 70018.866 | W13: 50389.894 | X13: 2090827382784 | Y13: 41492988 | Z13: 22584000 | AA13: =Y13/12 -> 3457749
A14: ='Sheet 1'!B13 -> Fabricación de productos de caucho y de plástico | B14: ='Sheet 1'!AC13 -> 7989186541 | C14: ='Sheet 1'!AG13 -> 563 | D14: =B14/C14 -> 14190385 | E14: ='Sheet 1'!AD13 -> 62974 | F14: ='Sheet 1'!L13 -> 40513 | G14: ='Sheet 1'!K13 -> 22461 | H14: =F14/E14 -> 0.64332899 | I14: =G14/E14 -> 0.35667101 | J14: ='Sheet 1'!C13+'Sheet 1'!D13 -> 9648 | K14: =J14/E14 -> 0.15320609 | L14: ='Sheet 1'!F13+'Sheet 1'!E13 -> 59 | M14: =L14/E14 -> 0.00093689459 | N14: ='Sheet 1'!G13+'Sheet 1'!H13 -> 39197 | O14: =N14/E14 -> 0.62243148 | P14: ='Sheet 1'!I13+'Sheet 1'!J13 -> 14070 | Q14: =P14/E14 -> 0.22342554 | R14: =B14/E14 -> 126864.84 | S14: ='Sheet 1'!Y13/(Estructurado!J14+Estructurado!L14) -> 60291.353 | T14: ='Sheet 1'!Z13/Estructurado!N14 -> 35967.423 | U14: ='Sheet 1'!AA13/Estructurado!P14 -> 79032.198 | V14: ='Sheet 1'!AB13/'Sheet 1'!AD13 -> 49338.557 | W14: 95304.084 | X14: 2442556342272 | Y14: 25629082 | Z14: 17544000 | AA14: =Y14/12 -> 2135756.8
... A23: ='Sheet 1'!B22 -> Otras industrias manufactureras | B23: ='Sheet 1'!AC22 -> 16290782103 | C23: ='Sheet 1'!AG22 -> 604 | D23: =B23/C23 -> 26971494 | E23: ='Sheet 1'!AD22 -> 59219 | F23: ='Sheet 1'!L22 -> 40451 | G23: ='Sheet 1'!K22 -> 18768 | H23: =F23/E23 -> 0.68307469 | I23: =G23/E23 -> 0.31692531 | J23: ='Sheet 1'!C22+'Sheet 1'!D22 -> 13240 | K23: =J23/E23 -> 0.22357689 | L23: ='Sheet 1'!F22+'Sheet 1'!E22 -> 84 | M23: =L23/E23 -> 0.0014184637 | N23: ='Sheet 1'!G22+'Sheet 1'!H22 -> 30963 | O23: =N23/E23 -> 0.52285584 | P23: ='Sheet 1'!I22+'Sheet 1'!J22 -> 14932 | Q23: =P23/E23 -> 0.2521488 | R23: =B23/E23 -> 275093.84 | S23: ='Sheet 1'!Y22/(Estructurado!J23+Estructurado!L23) -> 86759.307 | T23: ='Sheet 1'!Z22/Estructurado!N23 -> 44423.301 | U23: ='Sheet 1'!AA22/Estructurado!P23 -> 79599.441 | V23: ='Sheet 1'!AB22/'Sheet 1'!AD22 -> 62818.327 | W23: 29384.831 | X23: 842796105728 | Y23: 28681332 | Z23: 17760000 | AA23: =Y23/12 -> 2390111
